id,feature_type,created_at,updated_at,name,description,state_name,releases,parent_id,parent_name,owner_name,tags,start_date,end_date,Realizadores ativos de assinatura,ZhipChat (sample),Effort,Prioritization  score,Melhorar gerenciamento de campanha de Assinaturas priority,Melhorar gerenciamento de campanha de Assinaturas value,Alcançar Product Market Fit em Assinaturas priority,Alcançar Product Market Fit em Assinaturas value,Reduzir Churn de Receita Mensal para < 2% priority,Reduzir Churn de Receita Mensal para < 2% value,Aumentar engajamento e satisfação de realizadores de assinatura priority,Aumentar engajamento e satisfação de realizadores de assinatura value,"Recompensas (apoio, gestão e entrega) priority","Recompensas (apoio, gestão e entrega) value"
807811,product,2018-03-07 05:20:27 UTC,2018-05-17 09:12:27 UTC,Catarse,"",Icebox,,,,Thiago Maia,"",,,,,,,,,,,,,,,,
807812,component,2018-03-07 05:20:53 UTC,2019-06-26 07:56:29 UTC,Gerenciar um projeto,"",Icebox,,807811,Catarse,Thiago Maia,"",,,,,,,,,,,,,,,,
807813,component,2018-03-07 05:21:16 UTC,2019-06-26 12:06:48 UTC,Comunicar com apoiadores,"",Icebox,,807811,Catarse,Thiago Maia,"",,,,,,,,,,,,,,,,
807814,component,2018-03-07 05:21:25 UTC,2019-06-26 12:06:48 UTC,Ter um perfil no Catarse,"",Icebox,,807811,Catarse,Thiago Maia,"",,,,,,,,,,,,,,,,
808141,feature,2018-03-07 08:05:16 UTC,2021-08-05 07:46:27 UTC,Ter débito automático como forma de pagamento no Assinaturas,"",Icebox,,8924870,Assinar uma campanha no Catarse,Thiago Maia,"",,,,,100,,1,20,,,,,2,60,,
808149,feature,2018-03-07 08:09:26 UTC,2021-08-05 07:45:15 UTC,Receber dinheiro em minha conta em menos do que 10 dias úteis,"",Icebox,,8924893,Receber o dinheiro de minha campanha de assinaturas,Thiago Maia,"",,,,,100,1,2,100,2,100,,,3,100,,
808150,feature,2018-03-07 08:09:57 UTC,2021-08-05 07:45:15 UTC,Receber dinheiro em minha conta automaticamente todo mês em um dia fixo,"",Icebox,,8924893,Receber o dinheiro de minha campanha de assinaturas,Thiago Maia,"",,,,,13,3,1,20,,,,,2,80,,
808153,feature,2018-03-07 08:12:08 UTC,2019-06-26 07:49:25 UTC,Buscar por assinantes na Base de Assinantes (campo de busca),"",Done,,807813,Comunicar com apoiadores,Thiago Maia,"",,,should have,,,,,,2,60,,,,,,
808170,feature,2018-03-07 08:25:15 UTC,2019-06-26 07:49:05 UTC,Enviar mensagem customizada automática para novos assinantes,"Como realizador de Assinaturas, para que meus novos assinantes recebam uma mensagem customizada, quero ter em meu dashboard de projeto uma área onde eu possa customizar mensagens para cada faixa de recompensa de meu projeto.",Done,,807813,Comunicar com apoiadores,Thiago Maia,"",,,should have,,5,2,,,2,100,,,,,,
808178,component,2018-03-07 08:42:43 UTC,2019-06-26 07:59:42 UTC,Receber dinheiro em minha conta bancária,"",Icebox,,807812,Gerenciar um projeto,Thiago Maia,"",,,,,,,,,,,,,,,,
808180,component,2018-03-07 08:43:49 UTC,2019-06-26 12:06:48 UTC,Apoiar um projeto,"",Icebox,,807811,Catarse,Thiago Maia,"",,,,,,,,,,,,,,,,
808185,feature,2018-03-07 08:46:52 UTC,2021-08-05 07:46:28 UTC,Ter somente 1 cobrança por mês para todas as minhas assinaturas,"",Icebox,,8924870,Assinar uma campanha no Catarse,Thiago Maia,"",,,,,10,1,,,,,,,2,60,,
808330,component,2018-03-07 10:26:06 UTC,2021-08-05 07:46:28 UTC,Resgatar assinantes perdidos,"",Icebox,,8924870,Assinar uma campanha no Catarse,Thiago Maia,"",,,must have,,,,,,,,,,,,,
808335,feature,2018-03-07 10:30:09 UTC,2018-12-17 23:00:04 UTC,Filtrar projetos de Assinatura no Explore,"Como usuário do Catarse, para poder visualizar somente projetos pontuais e/ou projetos de assinatura quando estou explorando projetos, quero que a área de Explore do Catarse tenha a possibilidade de filtrar projetos por modalidade.",Done,(Default Release Group) 2T 2019,808339,Descobrir projetos,Thiago Maia,"",,,,,5,5,,,2,80,,,,,,
808339,component,2018-03-07 10:32:48 UTC,2019-06-26 12:06:49 UTC,Descobrir projetos,"",Icebox,,807811,Catarse,Thiago Maia,"",,,,,,,,,,,,,,,,
808346,feature,2018-03-07 10:40:47 UTC,2018-04-13 03:46:36 UTC,Mostrar o total de R$ vindos de recuperação automática,"",Icebox,,865701,Acompanhar o andamento da minha campanha,Thiago Maia,"",,,,,5,4,,,1,60,,,2,60,,
821430,feature,2018-03-14 02:40:41 UTC,2019-06-26 07:49:06 UTC,Poder enviar email individualmente para apoiadores,"",Done,,807813,Comunicar com apoiadores,Thiago Maia,"",,,,,,,,,2,60,,,,,,
865495,feature,2018-03-28 23:38:49 UTC,2021-08-05 07:35:52 UTC,Enviar segunda via de boleto automaticamente,"Para reduzir o churn de pagamento em boletos, quero que, após 3 dias da geração do boleto, caso um pagamento não tenha sido identificado em assinaturas, que um novo boleto seja enviado automaticamente para o assinante. Quero que esse ciclo aconteça no máximo duas vezes, portanto o usuário poderá receber ao todo 3 boletos (1 boleto primário e 2 boletos segunda via)

Importante: Para implementar essa estória, é preciso que a máquina de status de uma assinatura seja modificada, de modo que uma assinatura não vira pra inativa se o primeiro pagamento não é efetuado. Ou seja, ela continua ativa e só se torna inativa no caso do terceiro boleto não ser pago .",Done,(Default Release Group) 2T 2019,808330,Resgatar assinantes perdidos,Thiago Maia,"",,,,,5,12,,,,,3,0,,,,
865497,feature,2018-03-28 23:40:54 UTC,2021-07-13 01:57:14 UTC,Gerar uma cobrança para um assinante a partir do painel de controle de campanha,"",Icebox,,865710,Ajudar meus assinantes a gerenciar seus apoios,Thiago Maia,"",,,,,3,11,1,20,1,40,1,20,1,80,,
865500,feature,2018-03-28 23:41:42 UTC,2019-06-26 07:56:49 UTC,Usar PERFIL público como nome do realizador nos emails de assinatura,"",Icebox,,2421486,Mensagens,Thiago Maia,"",,,,,2,5,,,,,,,3,40,,
865501,feature,2018-03-28 23:42:18 UTC,2021-08-05 07:35:52 UTC,Sistema de retentativa automática de cobrança em cartão de crédito,"",Done,,808330,Resgatar assinantes perdidos,Thiago Maia,"",,,,,3,20,,,,,3,60,,,,
865502,feature,2018-03-28 23:43:49 UTC,2021-07-13 01:57:14 UTC,Editar uma assinatura de um assinante pelo painel de controle da campanha,"",Icebox,,865710,Ajudar meus assinantes a gerenciar seus apoios,Thiago Maia,"",,,,,13,2,1,20,1,40,,,1,40,,
865666,feature,2018-03-29 02:26:07 UTC,2018-12-17 23:00:04 UTC,Ter gráfico com Novos Assinantes por dia no painel de controle de Assinaturas,"Como realizador de assinaturas, para saber se minhas ações de divulgação estão surtindo efeito, quero ter um gráfico que mostre os novos assinantes (valor em R$ e quantidade, se possível) no período dos últimos 30 dias.",Done,,865701,Acompanhar o andamento da minha campanha,Thiago Maia,"",,,,,2,6,,,2,60,,,,,,
865667,feature,2018-03-29 02:27:04 UTC,2021-07-13 01:57:14 UTC,Possibilidade de cancelar uma assinatura pelo admin da campanha,"",Icebox,,865710,Ajudar meus assinantes a gerenciar seus apoios,Thiago Maia,"",,,,,5,3,1,20,1,40,,,1,60,,
865668,feature,2018-03-29 02:27:44 UTC,2021-07-13 01:57:14 UTC,Possibilidade de iniciar uma assinatura para uma pessoa,"",Icebox,,865710,Ajudar meus assinantes a gerenciar seus apoios,Thiago Maia,"",,,,,10,2,1,20,,,,,1,40,,
865669,feature,2018-03-29 02:28:11 UTC,2021-07-13 01:57:14 UTC,Possibilidade de alterar dados do assinante pelo admin da campanha,"",Icebox,,865710,Ajudar meus assinantes a gerenciar seus apoios,Thiago Maia,"",,,,,8,4,1,20,1,40,,,1,40,,
865670,feature,2018-03-29 02:28:43 UTC,2021-08-05 07:46:28 UTC,Alterar data de vencimento de assinatura,"",Icebox,(Default Release Group) 2020,8924870,Assinar uma campanha no Catarse,Thiago Maia,"",,,,,5,7,2,80,1,40,,,2,60,,
865674,feature,2018-03-29 02:39:18 UTC,2021-08-05 07:46:28 UTC,Apoiar com menos de R$5,"",Icebox,,8924870,Assinar uma campanha no Catarse,Thiago Maia,"",,,,,20,2,1,,1,80,,,1,60,,
865676,feature,2018-03-29 02:41:03 UTC,2019-06-27 11:00:30 UTC,Material explicando sobre Recompensas e Metas ao longo do tempo,"",Icebox,,865701,Acompanhar o andamento da minha campanha,Thiago Maia,"",,,,,7,4,,,1,20,,,1,60,,
865678,feature,2018-03-29 02:42:26 UTC,2021-08-05 07:45:15 UTC,Realizar saque parcial do saldo,"",Icebox,,8924893,Receber o dinheiro de minha campanha de assinaturas,Thiago Maia,"",,,,,10,1,1,20,1,40,,,1,40,,
865679,feature,2018-03-29 02:44:11 UTC,2021-08-05 07:44:57 UTC,Realizador receber email com novo assinante,"Como realizador de assinaturas, quero receber um email toda vez que um novo assinante entrar no meu projeto.",Backlog,(Default Release Group) 2020,8924852,Gerenciar minha campanha de assinaturas,Thiago Maia,"",,,,,3,10,,,1,60,,,2,80,,
865680,feature,2018-03-29 02:44:53 UTC,2019-06-26 09:32:11 UTC,Trazer as novidades de projetos para a primeira dobra do projeto de assinaturas,"",Icebox,,2421471,Novidades (posts),Thiago Maia,"",,,,,3,15,,,1,60,,,3,80,,
865682,feature,2018-03-29 02:45:54 UTC,2018-12-17 23:00:04 UTC,Ter gráfico de visitas em assinaturas dos últimos 30 dias,"Como realizador, para saber a quantidade de visitas a minha página de Assinaturas, por DIA, quero ter acesso a um gráfico com visitantes no painel de controle somente dos últimos 30 dias.

http://catarse-assinaturas.webflow.io/dashboard/online/insights-v0",Done,,865701,Acompanhar o andamento da minha campanha,Thiago Maia,"",,,,,2,6,,,2,60,,,,,,
865684,feature,2018-03-29 02:46:10 UTC,2021-08-05 07:44:57 UTC,Relatório de origem de apoios em assinaturas,"",Icebox,(Default Release Group) 2020,8924852,Gerenciar minha campanha de assinaturas,Thiago Maia,"",,,,,5,5,1,20,1,60,,,2,80,,
865698,feature,2018-03-29 03:15:49 UTC,2021-08-05 07:46:18 UTC,Salvar cartão de crédito no fluxo de pagamento de projetos de Assinaturas,"",Icebox,(Default Release Group) 2020,808330,Resgatar assinantes perdidos,Thiago Maia,"",,,,,13,2,,,2,80,2,60,3,80,,
865701,component,2018-03-29 03:16:54 UTC,2019-06-26 07:59:42 UTC,Acompanhar o andamento da minha campanha,"",Icebox,,807812,Gerenciar um projeto,Thiago Maia,"",,,,,,,,,,,,,,,,
865703,feature,2018-03-29 03:18:09 UTC,2018-12-17 23:00:04 UTC,Tabela de aquisição mensal de Receita e Assinantes no painel de controle,"Como realizador, para saber como minha campanha está performando ao longo dos meses, quero ter acesso a uma tabela em meu dashboard com a evolução dos assinantes e da receita, separados por mês.",Done,(Default Release Group) 2T 2019,865701,Acompanhar o andamento da minha campanha,Thiago Maia,"",,,,,3,4,,,2,80,,,,,,
865704,feature,2018-03-29 03:18:47 UTC,2021-08-05 07:40:28 UTC,Conhecer o gênero dos seus assinantes (demografia),"",Icebox,,8924852,Gerenciar minha campanha de assinaturas,Thiago Maia,"",,,,,4,4,1,20,,,,,1,40,,
865705,feature,2018-03-29 03:19:46 UTC,2021-08-05 07:44:57 UTC,Ter um app no celular para gerenciar a campanha de assinaturas,"",Icebox,,8924852,Gerenciar minha campanha de assinaturas,Thiago Maia,"",,,,,100,1,2,60,1,100,,,3,100,,
865707,feature,2018-03-29 03:20:33 UTC,2021-08-05 07:44:57 UTC,Relatório diário de assinatura com informações mais completas,"",Icebox,,8924852,Gerenciar minha campanha de assinaturas,Thiago Maia,"",,,,,5,3,1,20,1,40,,,3,80,,
865710,component,2018-03-29 03:25:26 UTC,2021-08-05 07:48:00 UTC,Ajudar meus assinantes a gerenciar seus apoios,<p></p>,Icebox,,8923017,Catarse Assinaturas,Thiago Maia,"",,,,,,,,,,,,,,,,
865779,feature,2018-03-29 05:10:20 UTC,2021-08-05 07:35:52 UTC,Aumentar data de vencimento de boleto para 4 dias,"Como assinante de um projeto de Assinaturas no Catarse, para que eu tenha mais tempo para pagar meu boleto bancário, quero que o prazo de pagamento de um boleto seja estendido para 4 dias.",Done,(Default Release Group) 2T 2019,808330,Resgatar assinantes perdidos,Thiago Maia,"",,,,,,,,,,,2,100,,,,
865780,feature,2018-03-29 05:10:40 UTC,2021-08-05 07:35:52 UTC,Enviar email com lembrança de prazo de boleto para assinantes,"Como assinante de assinatura, para ser lembrado que meu boleto em aberto não foi pago, quero receber um email na véspera do vencimento de meu boleto, me lembrando de pagar o boleto.",Done,,808330,Resgatar assinantes perdidos,Thiago Maia,"",,,,,3,8,,,,,2,100,,,,
865782,feature,2018-03-29 05:14:07 UTC,2021-08-05 07:46:40 UTC,Saber telefone e redes sociais de seus assinantes,"",Icebox,,8924860,Interagir com minha base de assinantes,Thiago Maia,"",,,,,3,5,,,,,,,2,80,,
865783,feature,2018-03-29 05:15:17 UTC,2019-06-26 07:53:33 UTC,Segmentar envio de novidades para assinantes inativos e iniciados,"",Icebox,,2421471,Novidades (posts),Thiago Maia,"",,,,,5,6,1,20,1,20,1,60,2,80,,
865788,feature,2018-03-29 05:23:36 UTC,2019-06-26 07:53:33 UTC,Segmentar novidades por tempo de assinatura,"",Icebox,,2421471,Novidades (posts),Thiago Maia,"",,,,,8,4,1,20,,,,,2,60,,
865789,feature,2018-03-29 05:25:19 UTC,2021-08-05 07:44:57 UTC,Avisar na notificação de inativação que assinatura perdida não é dívida,"",Icebox,,8924852,Gerenciar minha campanha de assinaturas,Thiago Maia,"",,,,,1,10,,,,,,,,,,
875097,feature,2018-04-04 00:31:31 UTC,2018-12-17 23:00:04 UTC,Enviar novidades para assinantes de planos mais caros que o selecionado,"Como realizador, para evitar de ter que ficar enviando uma série de novidades para meus assinantes para falar a mesma coisa, quero que minha novidades de assinaturas enviadas, sejam enviadas também para as faixas de recompensa de valores acima do valor escolhido para envio da novidade.",Done,,807813,Comunicar com apoiadores,Thiago Maia,"",,,,,3,13,,,2,100,,,,,,
875098,feature,2018-04-04 00:35:17 UTC,2019-06-27 11:00:30 UTC,Ter a possibilidade de escolher um país ou estado como local do projeto (sem especificar a cidade),"",Icebox,,865701,Acompanhar o andamento da minha campanha,Thiago Maia,"",,,,,3,,,,,,,,1,20,,
875281,feature,2018-04-04 03:27:12 UTC,2021-08-05 07:44:57 UTC,Enviar email lembrando o assinante sobre validade do cartão de crédito,"",Icebox,,8924852,Gerenciar minha campanha de assinaturas,Thiago Maia,"",,,,,13,2,,,,,1,60,2,60,,
875810,feature,2018-04-04 09:29:44 UTC,2019-06-26 07:59:42 UTC,Ter acesso a bandeira e últimos dígitos do Cartão de seus assinantes no painel de controle,"",Done,,807812,Gerenciar um projeto,Thiago Maia,"",,,,,1,9,,,1,20,1,20,,,,
882508,feature,2018-04-06 07:58:02 UTC,2021-08-05 07:44:58 UTC,Tabela de evolução de assinaturas de uma campanha de Assinaturas (tabela Growth),"Como realizador, para saber como minha campanha está performando ao longo dos meses, quero ter acesso a um gráfico em meu dashboard com a evolução dos assinantes e da receita, separados por mês.",Backlog,(Default Release Group) 4T 2019,8924852,Gerenciar minha campanha de assinaturas,Thiago Maia,"",,,,,5,5,1,20,1,60,,,2,80,,
901749,feature,2018-04-13 03:42:12 UTC,2021-08-05 07:46:28 UTC,Poder contribuir pontualmente em projeto de Assinatura,"",Icebox,,8924870,Assinar uma campanha no Catarse,Thiago Maia,"",,,,,20,2,1,20,,,,,1,40,,
901750,feature,2018-04-13 03:42:57 UTC,2021-07-13 01:57:05 UTC,Criar vale Catarse (gerar crédito) para presentear pessoas,"",Icebox,,808180,Apoiar um projeto,Thiago Maia,"",,,,,6,3,,,,,,,1,20,,
901751,feature,2018-04-13 03:43:23 UTC,2018-04-13 03:47:10 UTC,Ordenar projetos no explore por data de lançamento,"",Icebox,,808339,Descobrir projetos,Thiago Maia,"",,,,,1,10,,,,,,,,,,
901752,feature,2018-04-13 03:45:00 UTC,2021-08-05 07:46:28 UTC,Poder pagar períodos maiores de uma assinatura,"Como assinante de um projeto, quero poder pagar mais do que somente 1 mês a um projeto de assinatura.",Icebox,(Default Release Group) 2020,8924870,Assinar uma campanha no Catarse,Thiago Maia,"",,,,,13,2,1,20,,,,,3,100,,
905814,feature,2018-04-16 06:49:54 UTC,2021-08-05 07:44:58 UTC,Ter histórico de atividades da campanha de Assinatura separado por dia no Dashboard,"",Icebox,,8924852,Gerenciar minha campanha de assinaturas,Thiago Maia,"",,,,,8,3,1,20,1,60,,,2,60,,
905818,feature,2018-04-16 06:52:45 UTC,2021-07-13 01:57:05 UTC,Gerar segunda via de boleto sem precisar esperar a assinatura virar inativa,"",Done,,808180,Apoiar um projeto,Thiago Maia,"",,,,,5,9,,,,,2,40,,,,
917562,feature,2018-04-20 02:14:17 UTC,2021-07-13 01:57:05 UTC,Ter recibo de apoios mensais no perfil do apoiador,"",Done,,808180,Apoiar um projeto,Thiago Maia,"",,,,,3,6,,,3,100,,,,,,
917563,feature,2018-04-20 02:14:38 UTC,2019-06-26 07:59:42 UTC,Ter histórico de atividades de um assinante na Base de Assinantes,"",Done,,807812,Gerenciar um projeto,Thiago Maia,"",,,,,5,2,,,1,60,,,,,,
938602,feature,2018-05-01 06:03:00 UTC,2019-06-27 11:00:30 UTC,Email de waiting funds deveria reconhecer se o projeto foi bem-sucedido,"",Icebox,,865701,Acompanhar o andamento da minha campanha,Thiago Maia,"",,,,,3,7,,,,,,,,,,
938603,feature,2018-05-01 06:08:26 UTC,2021-07-13 01:57:05 UTC,Opção de reativar uma assinatura cancelada no perfil do usuário,"",Done,(Default Release Group) 2T 2019,808180,Apoiar um projeto,Thiago Maia,"",,,,,1,19,,,,,1,20,,,,
940732,feature,2018-05-02 04:39:24 UTC,2019-06-26 12:06:49 UTC,Funcionalidades entregues no Catarse Assinaturas,"",Icebox,,807811,Catarse,Thiago Maia,"",,,,,,,,,,,,,,,,
955118,feature,2018-05-07 23:41:44 UTC,2019-06-26 07:58:32 UTC,Ter opção de escolher Retirada Presencial associada ao Frete Nacional,"",Icebox,,2421529,Recompensas e fullfilment,Thiago Maia,"",,,,,1,0,,,,,,,,,,80
955120,feature,2018-05-07 23:43:36 UTC,2018-12-17 23:00:04 UTC,Ver andamento da transferência de recursos (saque) no perfil de usuário,"",Done,,808178,Receber dinheiro em minha conta bancária,Thiago Maia,"",,,,,3,12,3,60,2,40,,,,,,
955121,feature,2018-05-07 23:44:08 UTC,2020-06-25 10:07:19 UTC,Ter mais de 01 administrador por campanha,"",Icebox,(Default Release Group) 2020,865701,Acompanhar o andamento da minha campanha,Thiago Maia,"",,,,,40,1,2,20,,,,,1,40,,
957555,feature,2018-05-09 04:11:44 UTC,2018-12-14 00:37:37 UTC,Adicionar mais de uma faixa de recompensa ao enviar uma novidade,"",Done,,807813,Comunicar com apoiadores,Thiago Maia,"",,,,,7,4,,,2,100,,,,,,
957620,feature,2018-05-09 05:54:18 UTC,2021-08-05 07:45:15 UTC,"Receber por produção publicada, e não mensalmente, no Catarse Assinaturas","",Icebox,,8924893,Receber o dinheiro de minha campanha de assinaturas,Thiago Maia,"",,,,,40,1,1,20,1,100,,,1,60,,
957625,feature,2018-05-09 06:05:32 UTC,2021-08-05 07:46:18 UTC,"Reativar assinatura em ""um clique""","",Backlog,(Default Release Group) 2020,808330,Resgatar assinantes perdidos,Thiago Maia,"",,,,,8,5,1,20,1,40,,,2,80,,
962461,feature,2018-05-11 09:12:20 UTC,2019-06-26 09:32:12 UTC,Poder comentar em um post de novidades,"",Icebox,,2421471,Novidades (posts),Thiago Maia,"",,,,,40,2,,,1,80,,,2,60,,
962462,feature,2018-05-11 09:12:49 UTC,2019-06-26 07:53:33 UTC,Poder enviar imagens em alta definição no envio de novidades,"",Icebox,,2421471,Novidades (posts),Thiago Maia,"",,,,,3,11,,,,,,,2,40,,
962465,feature,2018-05-11 09:14:19 UTC,2018-05-11 09:16:29 UTC,Ranking de popularidade de campanhas baseado em captação no Catarse,"",Icebox,,808339,Descobrir projetos,Thiago Maia,"",,,,,6,5,,,,,,,,,,
975123,feature,2018-05-17 08:45:03 UTC,2021-08-05 07:46:18 UTC,Enviar SMS com lembrança de prazo de boleto,"",Icebox,,808330,Resgatar assinantes perdidos,Thiago Maia,"",,,,,20,2,1,20,,,,,1,60,,
975128,feature,2018-05-17 08:48:11 UTC,2021-07-13 01:57:05 UTC,Ter cupom de desconto para apoios no Catarse,"",Icebox,,808180,Apoiar um projeto,Thiago Maia,"",,,,,8,0,,,,,,,,,,60
975131,feature,2018-05-17 08:48:35 UTC,2021-08-05 07:46:28 UTC,Ter paypal como opção de meio de pagamento,"",Icebox,,8924870,Assinar uma campanha no Catarse,Thiago Maia,"",,,,,100,,,,,,,,1,60,,
975133,feature,2018-05-17 08:48:54 UTC,2021-08-05 03:48:09 UTC,Ter Google como opção de login,"",Done,,808180,Apoiar um projeto,Thiago Maia,"",,,,,6,3,,,,,,,1,40,,
975134,feature,2018-05-17 08:49:35 UTC,2019-06-26 07:59:42 UTC,Realizador de assinaturas ter acesso aos endereços dos assinantes direto na Base de Assinantes online,"",Done,,807812,Gerenciar um projeto,Thiago Maia,"",,,,,,,,,,,,,,,,
975143,feature,2018-05-17 08:51:12 UTC,2021-08-05 07:44:58 UTC,Possibilidade de marcar recompensa entregue na Base de Assinantes de Assinaturas,"",Icebox,,8924852,Gerenciar minha campanha de assinaturas,Thiago Maia,"",,,,,5,8,1,20,2,60,,,2,60,,60
975144,feature,2018-05-17 08:51:46 UTC,2021-08-05 07:44:58 UTC,Possibilidade de criar tags e associar tags a assinantes e apoiadores na Base de Assinantes / Relatório de Apoios,"",Icebox,,8924852,Gerenciar minha campanha de assinaturas,Thiago Maia,"",,,,,8,0,1,20,1,20,,,1,60,,40
975146,feature,2018-05-17 08:52:25 UTC,2021-08-05 07:44:58 UTC,Ter tabela com histórico de pagamentos de todos os assinantes direto na plataforma,"",Icebox,,8924852,Gerenciar minha campanha de assinaturas,Thiago Maia,"",,,,,3,9,1,20,1,60,,,2,40,,
975148,feature,2018-05-17 08:53:21 UTC,2018-12-17 23:00:04 UTC,Ter a possibilidade de ver no Relatório de Pagamentos o tempo de assinatura de cada assinante,"",Done,,865701,Acompanhar o andamento da minha campanha,Thiago Maia,"",,,,,1,6,,,1,20,,,,,,
975150,feature,2018-05-17 08:54:13 UTC,2019-06-26 07:59:42 UTC,Filtrar assinantes por quantidade de meses pagos na Base de Assinantes,"",Done,,807812,Gerenciar um projeto,Thiago Maia,"",,,,,3,,,,2,40,,,,,,
983282,feature,2018-05-22 00:15:06 UTC,2018-05-22 00:29:04 UTC,Poder sacar dinheiro de projetos Flex sem precisar encerrar o projeto,"",Icebox,,808178,Receber dinheiro em minha conta bancária,Thiago Maia,"",,,,,40,1,,,,,,,,,,
983283,feature,2018-05-22 00:15:32 UTC,2021-09-21 03:36:40 UTC,Não ter limite de 365 dias em projetos Flex,"",Done,,807812,Gerenciar um projeto,Thiago Maia,"",,,,,8,5,,,,,,,,,,
983284,feature,2018-05-22 00:16:24 UTC,2019-06-26 07:49:06 UTC,Mostrar a origem da mensagem nas mensagens trocadas entre usuários a partir da plataforma,"",Done,,807813,Comunicar com apoiadores,Thiago Maia,"",,,,,,,,,,,,,,,,
983288,feature,2018-05-22 00:28:01 UTC,2019-06-26 07:59:42 UTC,Inserir imagens nos cards de recompensa na página de projeto,"",Done,,807812,Gerenciar um projeto,Thiago Maia,"",,,,,3,13,1,20,1,40,,,1,20,,
1035519,feature,2018-06-13 06:00:01 UTC,2021-08-05 07:46:18 UTC,Receber boleto de Assinaturas com mais de 4 dias de antecedência,"",Icebox,,808330,Resgatar assinantes perdidos,Thiago Maia,"",,,,,1,40,1,20,,,,,1,40,,
1035523,feature,2018-06-13 06:01:51 UTC,2018-06-13 06:12:49 UTC,Cobrar frete somente na hora do envio das recompensas,"",Icebox,,808178,Receber dinheiro em minha conta bancária,Thiago Maia,"",,,,,13,0,,,,,,,,,,40
1035526,feature,2018-06-13 06:03:03 UTC,2021-08-05 07:44:59 UTC,Auto-save nos formulários de texto longo,"",Icebox,,8924852,Gerenciar minha campanha de assinaturas,Thiago Maia,"",,,,,3,9,1,20,,,,,2,20,,
1035529,feature,2018-06-13 06:05:16 UTC,2019-06-26 07:49:18 UTC,Ter a possibilidade de enviar mensagens coletivas para seguidores no Catarse,"",Icebox,,2421486,Mensagens,Thiago Maia,"",,,,,8,4,,,1,80,,,1,20,,
1035531,feature,2018-06-13 06:08:31 UTC,2021-07-13 01:57:05 UTC,Apoiar projetos com Saldo do Catarse,"",Icebox,(Default Release Group) 2020,808180,Apoiar um projeto,Thiago Maia,"",,,,,4,4,,,,,,,,,,
1035534,feature,2018-06-13 06:11:43 UTC,2021-08-05 07:44:59 UTC,Ter uma forma clara de saber quanto ainda vou receber no mês (em campanha de Assinatura),"",Icebox,,8924852,Gerenciar minha campanha de assinaturas,Thiago Maia,"",,,,,3,9,1,20,,,,,2,60,,
1059253,feature,2018-06-22 05:46:17 UTC,2021-08-05 07:46:29 UTC,Ter mais destaque para as faixas de recompensa na página de projeto para quem ainda não é APOIADOR/ASSINANTE,"",Icebox,,8924870,Assinar uma campanha no Catarse,Thiago Maia,"",,,,,3,0,,,,,,,2,40,,60
1070511,feature,2018-06-26 23:01:58 UTC,2021-08-05 07:46:40 UTC,Ter a possibilidade de fazer uma live streaming para meus assinantes,"",Icebox,,8924860,Interagir com minha base de assinantes,Thiago Maia,"",,,,,100,1,,,1,60,,,1,60,,
1070512,feature,2018-06-26 23:02:27 UTC,2021-08-05 07:46:41 UTC,Ter a possibilidade de enviar questionários para meus assinantes,"",Icebox,,8924860,Interagir com minha base de assinantes,Thiago Maia,"",,,,,5,0,1,20,1,40,,,1,40,,40
1070522,feature,2018-06-26 23:11:56 UTC,2019-06-26 07:49:18 UTC,Sistema de mensagens internas do Catarse,"",Icebox,,2421486,Mensagens,Thiago Maia,"",,,,,40,1,,,1,80,,,2,60,,
1117964,feature,2018-07-18 03:54:11 UTC,2019-06-28 11:01:45 UTC,Informar ordem dos apoiadores no relatório de apoios,"",Backlog,(Default Release Group) 2020,865701,Acompanhar o andamento da minha campanha,Thiago Maia,"",,,,,3,5,1,20,,,,,2,60,,40
1117965,feature,2018-07-18 03:54:42 UTC,2021-07-13 01:57:05 UTC,Ter parcelamento sem juros no Catarse,"",Icebox,,808180,Apoiar um projeto,Thiago Maia,"",,,,,100,0,,,,,,,,,,100
1117967,feature,2018-07-18 03:57:14 UTC,2019-06-26 07:59:43 UTC,Ter um local de projeto neutro na aba básico,"",Icebox,,807812,Gerenciar um projeto,Thiago Maia,"",,,,,1,17,,,,,,,1,20,,
1117968,feature,2018-07-18 03:57:41 UTC,2020-06-25 10:07:32 UTC,Buscar projetos por localização geográfica,"",Done,,808339,Descobrir projetos,Thiago Maia,"",,,,,3,11,,,,,,,1,20,,
1117969,feature,2018-07-18 03:59:40 UTC,2021-08-05 07:46:41 UTC,"Incluir o perfil do realizador no tweet e facebook de compartilhamento, se houver","",Icebox,,8924860,Interagir com minha base de assinantes,Thiago Maia,"",,,,,3,8,,,,,,,1,20,,
1117971,feature,2018-07-18 04:08:30 UTC,2019-06-26 07:49:19 UTC,Poder enviar mensagens em lote para assinantes,"",Icebox,,2421486,Mensagens,Thiago Maia,"",,,,,5,7,,,,,,,2,60,,
1117972,feature,2018-07-18 04:10:27 UTC,2019-06-26 07:49:19 UTC,Botão 'Enviar mensagem' direto no email de histórico da campanha,"",Icebox,,2421486,Mensagens,Thiago Maia,"",,,,,2,10,1,20,,,,,1,40,,
1117976,feature,2018-07-18 04:16:54 UTC,2019-06-26 12:06:49 UTC,Filtrar assinantes por Total apoiado na Base de Assinantes,"",Done,,807811,Catarse,Thiago Maia,"",,,,,,,,,,,,,,,,
1118251,feature,2018-07-18 08:39:34 UTC,2021-07-13 01:57:05 UTC,Informar quantidade de apoios mensais pagos no email de histórico de atividades,"",Done,,808180,Apoiar um projeto,Thiago Maia,"",,,,,,,,,,,,,,,,
1118254,feature,2018-07-18 08:43:33 UTC,2021-08-05 07:44:59 UTC,Ter a possibilidade de adicionar anotações em assinantes na Base de Assinantes,"",Icebox,,8924852,Gerenciar minha campanha de assinaturas,Thiago Maia,"",,,,,5,6,1,20,,,,,2,60,,60
1118299,feature,2018-07-18 08:45:06 UTC,2021-07-13 01:57:14 UTC,Saber o status da última cobrança de um assinante na Base de Assinante,"",Done,,865710,Ajudar meus assinantes a gerenciar seus apoios,Thiago Maia,"",,,,,,,,,,,,,,,,
1118303,feature,2018-07-18 08:47:27 UTC,2021-08-05 07:44:59 UTC,Tabela de localização geográfica dos Assinantes,"",Icebox,,8924852,Gerenciar minha campanha de assinaturas,Thiago Maia,"",,,,,3,8,1,20,,,,,2,60,,
1220718,feature,2018-08-29 06:34:23 UTC,2021-08-05 07:46:29 UTC,Melhorar a visualização da aba SOBRE em MOBILE,O botão 'SOBRE' em mobile na página de um projeto está muito pequeno e temos recebido reclamações constantes sobre isso. Temos como melhorar isso aqui de um jeito simples.,Current,(Default Release Group) 4T 2019,8924870,Assinar uma campanha no Catarse,Thiago Maia,"",,,,,3,8,1,20,,,,,2,60,,
1220721,feature,2018-08-29 06:35:04 UTC,2019-02-14 05:37:59 UTC,Ter mais filtros de busca no Explore,"",Icebox,,808339,Descobrir projetos,Thiago Maia,"",,,,,5,11,,,,,,,1,20,,
1220724,feature,2018-08-29 06:36:45 UTC,2019-06-26 07:49:19 UTC,Mensagens de boas vindas para apoiadores Tudo ou Nada e Flex,"",Icebox,,2421486,Mensagens,Thiago Maia,"",,,,,3,,,,,,,,,,,
1220741,feature,2018-08-29 06:43:30 UTC,2021-08-05 07:44:59 UTC,Ter opções de frete no Catarse Assinaturas,"",Icebox,,8924852,Gerenciar minha campanha de assinaturas,Thiago Maia,"",,,,,13,0,1,20,,,,,1,40,,80
1220747,feature,2018-08-29 06:47:25 UTC,2021-08-05 07:44:59 UTC,Ter a possibilidade de editar e deletar recompensas que já tenha assinantes,"",Backlog,(Default Release Group) 2020,8924852,Gerenciar minha campanha de assinaturas,Thiago Maia,"",,,,,3,0,1,20,,,,,,,,40
1220748,feature,2018-08-29 06:48:04 UTC,2020-06-25 09:34:17 UTC,Liberar o Facebook pixel para realizadores,"",Done,(Default Release Group) 2020,807812,Gerenciar um projeto,Thiago Maia,"",,,,,3,7,1,20,,,,,2,80,,
1220959,feature,2018-08-29 08:03:01 UTC,2021-08-05 03:47:55 UTC,Incluir um filtro de projetos 'Salvos' no Explore,"",Done,(Default Release Group) 2020,808339,Descobrir projetos,Thiago Maia,"",,,,,2,15,,,,,,,,,,
1230953,feature,2018-09-03 09:51:35 UTC,2021-08-05 07:45:33 UTC,Ter API para autenticar usuários de assinatura no próprio Site,"",Icebox,,8924853,Integrar campanha com outros apps,Thiago Maia,"",,,,,100,,1,60,,,,,1,60,,
1442976,feature,2018-11-13 09:38:49 UTC,2021-07-13 01:57:05 UTC,Ter a opção de definir uma cidade na hora do frete,"",Icebox,,808180,Apoiar um projeto,Thiago Maia,"",,,,,5,0,,,,,,,,,,80
1442997,feature,2018-11-13 09:42:30 UTC,2021-07-13 01:57:05 UTC,Fazer merge de duas contas no Catarse,"",Icebox,,808180,Apoiar um projeto,Thiago Maia,"",,,,,40,,,,,,,,,,,
1443005,feature,2018-11-13 09:43:50 UTC,2021-07-13 01:57:05 UTC,Ter a opção de configurar uma assinatura como anônima pelo perfil de usuário,"",Done,,808180,Apoiar um projeto,Thiago Maia,"",,,,,,,,,,,,,,,,
1443007,feature,2018-11-13 09:44:23 UTC,2021-07-13 01:57:05 UTC,Seguir uma recompensa para saber se ela voltou a ser disponibilizada,"",Icebox,,808180,Apoiar um projeto,Thiago Maia,"",,,,,5,,,,,,,,1,20,,60
1443009,feature,2018-11-13 09:45:03 UTC,2020-02-19 04:35:44 UTC,Ter a possibilidade de reenviar um questionário,"",Icebox,(Default Release Group) 4T 2019;(Default Release Group) 3T 2019,2421529,Recompensas e fullfilment,Thiago Maia,"",,,,,3,0,,,,,,,,,2,80
1443012,feature,2018-11-13 09:46:12 UTC,2019-06-26 07:49:19 UTC,Enviar mensagens para apoiadores pelo whatsapp,"",Icebox,,2421486,Mensagens,Thiago Maia,"",,,,,40,,,,,,,,1,40,,
1443023,feature,2018-11-13 09:49:23 UTC,2019-06-28 11:15:22 UTC,Coletar endereço de frete na hora do apoio,"Precisamos perguntar, na hora do apoio, o endereço de frete. Para isso, vamos precisar perguntar, na hora da criação de uma recompensa, se aquela recompensa tem entrega envolvida ou não.

<p></p>

• Alterar texto sobre 'Tipo de endereço' nos relatórios para download

• Questionário tem que olhar o endereço de entrega na hora de auto-preencher o endereço

• Recompensa tem que dizer se tem entrega envolvida ou não?",Backlog,(Default Release Group) 3T 2019,2421529,Recompensas e fullfilment,Thiago Maia,"",,,,,5,,,,,,,,,,2,80
1443064,feature,2018-11-13 09:53:36 UTC,2019-06-26 07:59:43 UTC,Tradução da página de projeto,"",Icebox,,807812,Gerenciar um projeto,Thiago Maia,"",,,,,5,,,,,,,,1,40,,
1443067,feature,2018-11-13 09:55:46 UTC,2021-09-21 03:30:42 UTC,Ter a opção de ter um perfil privado no Catarse,"",Current,,807814,Ter um perfil no Catarse,Thiago Maia,"",,,,,8,,,,,,,,,,,
1559135,feature,2018-12-14 00:48:54 UTC,2021-08-05 07:44:59 UTC,Ter relatórios detalhados de abertura e cliques das novidades,"",Icebox,,8924852,Gerenciar minha campanha de assinaturas,Thiago Maia,"",,,,,5,,,,,,,,2,80,,
1559148,feature,2018-12-14 00:51:37 UTC,2021-08-05 07:46:29 UTC,Impedir usuário de ter duas assinaturas no mesmo projeto,"",Backlog,(Default Release Group) 2020,8924870,Assinar uma campanha no Catarse,Thiago Maia,"",,,,,5,,,,,,,,2,80,,
1559150,feature,2018-12-14 00:52:17 UTC,2021-08-05 07:37:52 UTC,Integração com Twitch,"",Icebox,,8924853,Integrar campanha com outros apps,Thiago Maia,"",,,,,20,,,,,,,,,,,
1559163,feature,2018-12-14 00:52:59 UTC,2021-07-13 01:57:05 UTC,Cancelar um apoio feito a um projeto pontual enquanto o projeto ainda está no ar,"",Icebox,,808180,Apoiar um projeto,Thiago Maia,"",,,,,3,,,,,,,,,,,
1559165,feature,2018-12-14 00:54:16 UTC,2021-07-13 01:57:05 UTC,Gerar segunda via de apoio direto pelo email,"",Backlog,(Default Release Group) 2020,808180,Apoiar um projeto,Thiago Maia,"",,,,,3,,,,,,,,2,60,,
1559166,feature,2018-12-14 00:55:06 UTC,2021-07-13 01:57:05 UTC,Identificar nome da pessoa ao se logar e oferecer para se logar com outra conta,"",Icebox,,808180,Apoiar um projeto,Thiago Maia,"",,,,,5,,,,,,,,,,,
1559167,feature,2018-12-14 00:55:44 UTC,2021-08-05 07:44:59 UTC,Listar assinaturas na Base de Assinantes baseada na data de confirmação do pagamento,"",Backlog,,8924852,Gerenciar minha campanha de assinaturas,Thiago Maia,"",,,,,2,,,,,,,,1,40,,
1559168,feature,2018-12-14 00:56:44 UTC,2021-08-05 07:44:59 UTC,Ter opções de ordenar assinaturas na base de assinantes por outros critérios,"",Icebox,,8924852,Gerenciar minha campanha de assinaturas,Thiago Maia,"",,,,,5,,,,,,,,2,40,,
1559169,feature,2018-12-14 00:58:46 UTC,2019-06-26 07:53:33 UTC,Melhorar formatação de texto nos emails enviados pela novidades,"",Icebox,,2421471,Novidades (posts),Thiago Maia,"",,,,,8,,,,,,,,1,40,,
1559235,feature,2018-12-14 02:10:23 UTC,2021-07-13 01:57:05 UTC,Adicionar crédito ao saldo do Catarse,"",Backlog,(Default Release Group) 2020,808180,Apoiar um projeto,Thiago Maia,"",,,,,20,,,,,,,,1,20,,
1559236,feature,2018-12-14 02:10:47 UTC,2019-06-26 07:59:43 UTC,Botão de deletar campanha direto pelo Perfil,"",Icebox,,807812,Gerenciar um projeto,Thiago Maia,"",,,,,2,,,,,,,,,,,
1559237,feature,2018-12-14 02:10:58 UTC,2019-02-14 05:34:58 UTC,Opt-out de mecanimos sociais (seguir e ser seguido),"",Icebox,,807814,Ter um perfil no Catarse,Thiago Maia,"",,,,,8,,,,,,,,,,,
1559238,feature,2018-12-14 02:11:37 UTC,2021-07-13 01:57:05 UTC,Filtrar projetos apoiados no perfil de usuário,"",Icebox,,808180,Apoiar um projeto,Thiago Maia,"",,,,,2,,,,,,,,,,,
1644927,feature,2019-01-14 09:13:30 UTC,2021-07-13 01:57:05 UTC,Ter um aviso de que apoio é o segundo ao mesmo projeto,"",Icebox,,808180,Apoiar um projeto,Thiago Maia,"",,,,,3,,,,,,,,,,,60
1644931,feature,2019-01-14 09:14:44 UTC,2021-09-21 03:08:23 UTC,Ter sistema de reputação de realizadores (review),"",Icebox,,808339,Descobrir projetos,Thiago Maia,"",,,,,40,,,,,,,,,,,
1644936,feature,2019-01-14 09:16:06 UTC,2021-08-05 07:44:59 UTC,Realizador poder pausar uma campanha de assinaturas,"",Icebox,,8924852,Gerenciar minha campanha de assinaturas,Thiago Maia,"",,,,,20,,,,,,,,1,40,,
1644953,feature,2019-01-14 09:17:24 UTC,2021-07-13 01:57:05 UTC,Ter possibilidade de texto alternativo para deficientes visuais,"",Icebox,,808180,Apoiar um projeto,Thiago Maia,"",,,,,8,,,,,,,,,,,
1644973,feature,2019-01-14 09:19:32 UTC,2021-10-18 12:07:05 UTC,Realizador criar landing page para captar emails na pré-campanha,"",Done,,807813,Comunicar com apoiadores,Thiago Maia,"",,,,,20,,,,,,,,1,60,,
1645113,feature,2019-01-14 09:37:30 UTC,2019-08-20 04:11:36 UTC,Poder editar texto de recompensas,"",Done,(Default Release Group) 2T 2019,2421529,Recompensas e fullfilment,Thiago Maia,"",,,,,2,,,,,,,,,,,60
1655065,feature,2019-01-16 06:35:56 UTC,2021-08-05 07:38:31 UTC,Integração com Zapier,"",Icebox,,8924853,Integrar campanha com outros apps,Thiago Maia,"",,,,,20,,,,,,,,2,100,,
1655067,feature,2019-01-16 06:38:09 UTC,2019-06-28 11:01:46 UTC,Taxa de cliques e lista de pessoas que abriram novidades,"",Backlog,(Default Release Group) 2020,2421471,Novidades (posts),Thiago Maia,"",,,,,5,,,,,,,,2,80,,
1655073,feature,2019-01-16 06:40:47 UTC,2021-08-05 07:44:59 UTC,Poder esconder valor de arrecadação em Assinaturas,"",Backlog,(Default Release Group) 2020,8924852,Gerenciar minha campanha de assinaturas,Thiago Maia,"",,,,,3,0,,,,,,,3,100,,
1753912,feature,2019-02-12 04:32:59 UTC,2019-02-14 05:34:20 UTC,Integrar Catarse com ferramentas de ticket como Zendesk,"",Icebox,,865701,Acompanhar o andamento da minha campanha,Thiago Maia,"",,,,,40,,,,,,,,1,40,,
1753914,feature,2019-02-12 04:34:00 UTC,2021-08-05 07:46:29 UTC,Incluir valor mínimo de apoio no botão de apoiar,"",Icebox,,8924870,Assinar uma campanha no Catarse,Thiago Maia,"",,,,,2,,,,,,,,1,20,,
1753929,feature,2019-02-12 04:45:32 UTC,2021-07-13 01:57:14 UTC,Adicionar campos personalizados nos apoiadores que podem ser enviados via novidades,"",Icebox,,865710,Ajudar meus assinantes a gerenciar seus apoios,Thiago Maia,"",,,,,5,,,,,,,,1,40,,
1753930,feature,2019-02-12 04:46:06 UTC,2021-07-13 01:57:05 UTC,Recompensas exclusivas com senha,"",Icebox,,808180,Apoiar um projeto,Thiago Maia,"",,,,,5,,,,,,,,1,40,,60
1753936,feature,2019-02-12 04:51:29 UTC,2020-06-25 09:35:38 UTC,Integrar campanha com Google Analytics,"",Done,(Default Release Group) 2020,865701,Acompanhar o andamento da minha campanha,Thiago Maia,"",,,,,3,,,,,,,,2,80,,
1753937,feature,2019-02-12 04:52:13 UTC,2021-08-05 07:45:15 UTC,Realizar mais de 1 saque por mês em campanhas de Assinaturas,"",Icebox,,8924893,Receber o dinheiro de minha campanha de assinaturas,Thiago Maia,"",,,,,20,,,,,,,,1,60,,
1768446,subfeature,2019-02-14 04:32:16 UTC,2019-06-28 11:13:58 UTC,Deixar claro que a nacionalidade no fluxo de apoios se refere a end. de pagamento,"",Backlog,(Default Release Group) 3T 2019,1443023,Coletar endereço de frete na hora do apoio,Thiago Maia,"",,,,,2,,,,,,,,,,,
1768468,feature,2019-02-14 05:24:40 UTC,2021-07-13 01:57:05 UTC,Lojinha do Catarse,"",Icebox,,808180,Apoiar um projeto,Thiago Maia,"",,,,,100,0,,,,,,,,,,100
1768470,feature,2019-02-14 05:25:07 UTC,2019-06-26 07:49:19 UTC,Email customizado para quem clicou no botão lembrar-me,"",Icebox,,2421486,Mensagens,Thiago Maia,"",,,,,3,,,,,,,,,,,
1768475,feature,2019-02-14 05:27:02 UTC,2019-06-26 07:49:19 UTC,Convite customizado aos participantes das campanhas anteriores do mesmo idealizador,"",Icebox,,2421486,Mensagens,Thiago Maia,"",,,,,5,,,,,,,,1,20,,
1768477,feature,2019-02-14 05:28:20 UTC,2019-06-26 07:59:38 UTC,Reenvio automático de email de confirmação de endereço pos campanha encerrada,"",Icebox,,2421529,Recompensas e fullfilment,Thiago Maia,"",,,,,5,,,,,,,,,,,60
1768482,feature,2019-02-14 05:44:36 UTC,2019-06-26 07:59:43 UTC,"Aviso sobre boletos gerados, vencidos, mas não pagos.","",Icebox,,807812,Gerenciar um projeto,Thiago Maia,"",,,,,5,,,,,,,,1,40,,
1865950,feature,2019-03-11 02:02:57 UTC,2019-06-26 08:00:55 UTC,Retirada presencial ser também considerada entrega pessoal de recompensa,"",Icebox,,2421529,Recompensas e fullfilment,Thiago Maia,"",,,,,5,,,,,,,,,,,60
1865951,feature,2019-03-11 02:04:55 UTC,2019-06-26 08:01:20 UTC,Ter a possibilidade de enviar um email de teste de uma novidade,"",Icebox,,2421471,Novidades (posts),Thiago Maia,"",,,,,5,,,,,,,,1,40,,
1865952,feature,2019-03-11 02:05:25 UTC,2021-07-13 01:57:05 UTC,Pagar como visitante,"",Icebox,,808180,Apoiar um projeto,Thiago Maia,"",,,,,20,0,,,,,,,,,,100
1865953,feature,2019-03-11 02:06:16 UTC,2021-07-13 01:57:05 UTC,Ter ranking de apoiadores com presentes para os mais assíduos,"",Icebox,,808180,Apoiar um projeto,Thiago Maia,"",,,,,20,,,,,,,,,,,
1865971,feature,2019-03-11 02:14:11 UTC,2021-08-05 03:47:43 UTC,Filtrar por projetos favoritos no Explore,"",Done,,808339,Descobrir projetos,Thiago Maia,"",,,,,3,,,,,,,,1,20,,
1865972,feature,2019-03-11 02:14:50 UTC,2019-06-26 07:59:43 UTC,Poder duplicar uma campanha,"",Icebox,,807812,Gerenciar um projeto,Thiago Maia,"",,,,,3,,,,,,,,,,,
1865975,feature,2019-03-11 02:15:46 UTC,2019-06-26 07:59:39 UTC,Poder duplicar uma recompensa,"",Icebox,,2421529,Recompensas e fullfilment,Thiago Maia,"",,,,,3,,,,,,,,,,,60
1986289,feature,2019-04-05 05:24:13 UTC,2019-06-26 07:37:27 UTC,Buscar projetos por tags,"",Icebox,,808339,Descobrir projetos,Thiago Maia,"",,,,,3,,,,,,,,1,20,,
2413362,feature,2019-06-25 00:52:01 UTC,2021-07-13 01:57:05 UTC,Poder copiar um boleto pelo email,"",Icebox,,808180,Apoiar um projeto,Thiago Maia,"",,,,,,,,,,,,,,,,
2413363,feature,2019-06-25 00:53:18 UTC,2021-07-13 01:57:05 UTC,Editar um pagamento já feito em projeto online pontual,"",Icebox,(Default Release Group) 2020,808180,Apoiar um projeto,Thiago Maia,"",,,,,13,0,,,,,,,,,,80
2413364,feature,2019-06-25 00:53:44 UTC,2021-07-13 01:57:05 UTC,Selecionar mais de uma recompensa na hora do apoio,"",Icebox,(Default Release Group) 2020,808180,Apoiar um projeto,Thiago Maia,"",,,,,13,0,,,,,,,,,,80
2413368,feature,2019-06-25 00:57:18 UTC,2021-08-05 07:46:29 UTC,Poder adicionar cartões de crédito no perfil do usuário,"",Backlog,(Default Release Group) 2020,8924870,Assinar uma campanha no Catarse,Thiago Maia,"",,,,,5,0,,,,,,,,,2,60
2413371,feature,2019-06-25 00:58:42 UTC,2021-07-13 01:57:05 UTC,Ter double opt-in de email (autenticar email de login do Catarse),"",Icebox,,808180,Apoiar um projeto,Thiago Maia,"",,,,,,,,,,,,,,,,
2413381,feature,2019-06-25 01:03:40 UTC,2021-08-05 07:46:19 UTC,"Poder ""cancelar uma solicitação de cancelamento"" de assinatura","",Icebox,,808330,Resgatar assinantes perdidos,Thiago Maia,"",,,,,,,,,,,,,,,,
2413384,feature,2019-06-25 01:05:51 UTC,2021-08-05 07:44:59 UTC,Galeria de imagens em projetos,"",Icebox,,8924852,Gerenciar minha campanha de assinaturas,Thiago Maia,"",,,,,,,,,,,,,,,,
2413407,feature,2019-06-25 01:12:35 UTC,2021-08-05 07:44:13 UTC,Enviar boleto como arquivo em anexo no email,"",Icebox,,8924870,Assinar uma campanha no Catarse,Thiago Maia,"",,,,,,,,,,,,,,,,
2413451,feature,2019-06-25 01:19:21 UTC,2021-08-05 07:44:13 UTC,Alterar cartão de crédito da assinatura em 1 clique,"",Backlog,(Default Release Group) 2020,8924870,Assinar uma campanha no Catarse,Thiago Maia,"",,,,,,,,,,,,,,,,
2413452,feature,2019-06-25 01:20:01 UTC,2021-07-13 01:57:05 UTC,Áudio para deficientes visuais no site,"",Icebox,,808180,Apoiar um projeto,Thiago Maia,"",,,,,,,,,,,,,,,,
2413526,feature,2019-06-25 01:51:30 UTC,2019-06-26 07:59:43 UTC,Poder esconder o valor da arrecadação em projetos pontuais,"",Icebox,,807812,Gerenciar um projeto,Thiago Maia,"",,,,,,,,,,,,,,,,
2414341,feature,2019-06-25 04:53:04 UTC,2019-06-26 08:00:56 UTC,Valor do frete não fazer parte do valor da meta,"",Icebox,,2421529,Recompensas e fullfilment,Thiago Maia,"",,,,,5,0,,,,,,,,,,0
2414344,feature,2019-06-25 04:53:25 UTC,2019-06-26 08:00:56 UTC,Não cobrarmos % sobre o valor do frete,"",Icebox,,2421529,Recompensas e fullfilment,Thiago Maia,"",,,,,20,0,,,,,,,,,,80
2414364,feature,2019-06-25 05:04:03 UTC,2021-08-05 07:44:13 UTC,Deixar mais claro a edição de assinaturas no perfil de usuário,"",Icebox,,8924870,Assinar uma campanha no Catarse,Thiago Maia,"",,,,,,,,,,,,,,,,
2414368,feature,2019-06-25 05:06:03 UTC,2019-06-28 11:01:46 UTC,Ter a possibilidade de editar um questionário,"",Backlog,(Default Release Group) 4T 2019,2421529,Recompensas e fullfilment,Thiago Maia,"",,,,,3,0,,,,,,,,,2,60
2414392,feature,2019-06-25 05:25:12 UTC,2021-08-05 07:44:59 UTC,Filtrar assinantes por última cobrança na Base de Assinantes,Ter um filtro na Base de Assinantes online de 'Última cobrança',Backlog,(Default Release Group) 4T 2019,8924852,Gerenciar minha campanha de assinaturas,Thiago Maia,"",,,,,2,0,,,,,,,2,60,,
2414393,feature,2019-06-25 05:27:32 UTC,2019-06-28 11:01:46 UTC,Botão de 'BAIXAR TODOS OS RELATORIOS' na página de Relatório de apoios,"",Backlog,(Default Release Group) 2020,807812,Gerenciar um projeto,Thiago Maia,"",,,,,,,,,,,,,,,,60
2414401,feature,2019-06-25 05:39:05 UTC,2019-06-26 07:59:43 UTC,Avisar no painel de controle o que pode e o que não pode ser mudado com a campanha no ar,"",Icebox,,807812,Gerenciar um projeto,Thiago Maia,"",,,,,,,,,,,,,,,,
2414404,feature,2019-06-25 05:45:20 UTC,2019-06-26 07:53:33 UTC,Poder enviar novidades para apoiadores de projetos antigos,"",Icebox,,2421471,Novidades (posts),Thiago Maia,"",,,,,,,,,,,,,,,,
2414480,feature,2019-06-25 06:14:46 UTC,2021-07-13 01:57:05 UTC,Gerar boletos a partir de uma hashtag,"",Icebox,,808180,Apoiar um projeto,Thiago Maia,"",,,,,,,,,,,,,,,,
2421388,feature,2019-06-26 07:12:16 UTC,2021-07-13 01:57:05 UTC,Antecipar pagamentos de parcelas feitas a um projeto pontual,"",Icebox,,808180,Apoiar um projeto,Thiago Maia,"",,,,,,,,,,,,,,,,
2421389,feature,2019-06-26 07:13:22 UTC,2021-08-05 07:44:59 UTC,Notificação de aviso de update e downgrade de assinatura,"",Backlog,(Default Release Group) 4T 2019,8924852,Gerenciar minha campanha de assinaturas,Thiago Maia,"",,,,,1,0,,,,,,,,60,,40
2421390,feature,2019-06-26 07:15:20 UTC,2019-06-26 07:53:33 UTC,Poder editar uma novidade,"",Icebox,,2421471,Novidades (posts),Thiago Maia,"",,,,,,,,,,,,,,,,
2421391,feature,2019-06-26 07:15:48 UTC,2019-06-26 07:53:34 UTC,Ter um leia mais nas novidades de projetos,"",Icebox,,2421471,Novidades (posts),Thiago Maia,"",,,,,,,,,,,,,,,,
2421392,feature,2019-06-26 07:16:18 UTC,2019-06-26 07:53:34 UTC,Poder dar like em um post de novidades,"",Icebox,,2421471,Novidades (posts),Thiago Maia,"",,,,,,,,,,,,,,,,
2421393,feature,2019-06-26 07:16:31 UTC,2019-06-26 07:53:34 UTC,Poder compartilhar um post de novidades,"",Icebox,,2421471,Novidades (posts),Thiago Maia,"",,,,,,,,,,,,,,,,
2421394,feature,2019-06-26 07:17:27 UTC,2019-06-26 07:37:27 UTC,Ter seção de projetos recentes na Home do Catarse,"",Icebox,,808339,Descobrir projetos,Thiago Maia,"",,,,,,,,,,,,,,,,
2421471,component,2019-06-26 07:40:55 UTC,2021-08-05 07:46:41 UTC,Novidades (posts),"",Icebox,,8924860,Interagir com minha base de assinantes,Thiago Maia,"",,,,,,,,,,,,,,,,
2421486,component,2019-06-26 07:46:30 UTC,2021-08-05 07:46:41 UTC,Mensagens,"",Icebox,,8924860,Interagir com minha base de assinantes,Thiago Maia,"",,,,,,,,,,,,,,,,
2421529,component,2019-06-26 07:58:02 UTC,2019-06-26 07:59:43 UTC,Recompensas e fullfilment,"",Icebox,,807812,Gerenciar um projeto,Thiago Maia,"",,,,,,,,,,,,,,,,
2422716,feature,2019-06-26 11:54:54 UTC,2021-08-05 07:46:35 UTC,Envio de relatórios de assinatura por email (fila de download),"",Done,(Default Release Group) 3T 2019,8923017,Catarse Assinaturas,Thiago Maia,"",,,,,8,0,,,,,,,,80,,
2428227,feature,2019-06-27 03:58:19 UTC,2019-10-17 02:59:36 UTC,Relatórios do Catarse permitirem a geração de etiquetas e envio de códigos de rastreio (via Zapier e Zoho Docs),"Ainda não está claro exatamente como será essa feature (se é simplesmente algo relacionado a geração de um material que explique como gerar as etiquetas, ou se é de fato uma feature que iremos permitir gerar etiquetas direto pelo site do Catarse) - isso seria o ideal",Done,(Default Release Group) 3T 2019,2421529,Recompensas e fullfilment,Thiago Maia,"",,,,,5,0,,,,,,,,,3,100
2428256,feature,2019-06-27 04:00:57 UTC,2019-08-26 01:33:23 UTC,[BUG] Faltam Siglas de Unidades Federativas nos relatórios,Existem siglas de UF do Brasil que não estão aparecendo nos relatórios para download de projetos pontuais (não chequei projetos de assinatura - é bom checar pra ver se o problema é o mesmo). Baixe por exemplo um relatório de apoiadores confirmados desse projeto <https://www.catarse.me/projects/45078/contributions_report>,Done,(Default Release Group) 3T 2019,2421529,Recompensas e fullfilment,Thiago Maia,"",,,,,1,0,,,,,,,,,3,100
2428270,feature,2019-06-27 04:03:22 UTC,2019-08-26 01:32:06 UTC,[BUG] Falta coluna de país nos relatórios do Catarse,"Precisamos incluir uma coluna de 'País' nos relatórios para download, pois realizadores que precisam fazer entregas de recompensas em outros países não tem como saber qual é o país que ele precisa fazer a entrega.",Done,(Default Release Group) 3T 2019,2421529,Recompensas e fullfilment,Thiago Maia,"",,,,,1,0,,,,,,,,,3,100
2428276,feature,2019-06-27 04:04:51 UTC,2019-08-26 01:33:26 UTC,[BUG] Entender porque tem apoios nos relatórios sem CEP,Existem linhas que estão sem o CEP aqui nesse relatório. Entender o que pode estar causando isso: <https://www.catarse.me/projects/45078/contributions_report>,Done,(Default Release Group) 3T 2019,2421529,Recompensas e fullfilment,Thiago Maia,"",,,,,1,0,,,,,,,,,3,100
2428329,feature,2019-06-27 04:46:13 UTC,2019-06-28 11:08:38 UTC,Poder editar endereço de entrega direto no perfil de usuário (aba Projetos Apoiados),"Hoje, para editar o endereço de entrega de um apoio de projeto pontual, a única forma é respondendo um questionário. Caso o realizador não envie um questionário, o apoiador fica sem ter como atualizar seu endereço de entrega. Para isso, precisamos permitir que o apoiador possa editar o endereço de entrega de um apoio seu, direto pela aba de projetos apoiados.",Backlog,(Default Release Group) 3T 2019,2421529,Recompensas e fullfilment,Thiago Maia,"",,,,,3,0,,,,,,,,,3,80
2428332,feature,2019-06-27 04:51:06 UTC,2019-08-26 01:33:21 UTC,[BUG] Endereço Internacional deve sobrescrever campos já preenchidos anteriormente de endereços nacionais,"Repare que o usuário ID 178274 do projeto <https://www.catarse.me/contos_dos_orixas_pre_venda?ref=user_contributed&project_id=45078&project_user_id=457084> colocou um endereço gringo, mas antes ele provavelmente tinha um endereço brasileiro. Com isso, o endereço dele informado por nós ficou uma bagunça, pois misturou dados do endereço gringo, com o complemento e bairro do endereço nacional.  
",Done,(Default Release Group) 3T 2019,2421529,Recompensas e fullfilment,Thiago Maia,"",,,,,1,0,,,,,,,,,3,100
2453357,subfeature,2019-07-02 12:11:47 UTC,2019-07-09 01:48:17 UTC,Ter um link do questionário para ser compartilhado,"Para permitir que os realizadores reenviem seus questionários, vamos disponibilizar um link dos questionários, para que eles possam ser reenviados (via email, novidades, etc), caso os realizadores precisem fazer uma ação de reenvio.",Backlog,(Default Release Group) 3T 2019,1443009,Ter a possibilidade de reenviar um questionário,Thiago Maia,"",,,,,,,,,,,,,,,,
2485084,product,2019-07-03 08:43:49 UTC,2019-07-03 08:43:49 UTC,Unsorted ideas,"",Icebox,,,,,"",,,,,,,,,,,,,,,,
2521855,feature,2019-07-10 00:49:29 UTC,2021-08-05 07:41:21 UTC,Recompensas esgotadas vão para o final da fila,"Para facilitar a visualização das recompensas na página de projeto, sempre que uma recompensa é esgotada, ela vai para o final da fila ali na coluna de recompensas",Backlog,(Default Release Group) 4T 2019,8924870,Assinar uma campanha no Catarse,Thiago Maia,"",,,,,,,,,,,,,,,,
2521858,feature,2019-07-10 00:50:43 UTC,2021-08-05 07:41:21 UTC,Recompensas em destaque,"Para dar mais controle ao realizador, ele poderá escolher uma recompensa para ficar em destaque, que ficará fixada no topo da coluna de recompensas, na página de projeto",Backlog,(Default Release Group) 4T 2019,8924870,Assinar uma campanha no Catarse,Thiago Maia,"",,,,,,,,,,,,,,,,
2784703,feature,2019-08-26 01:31:17 UTC,2019-10-17 03:00:03 UTC,[BUG] Ajustar timezone nos dados informados de apoios aos realizadores,"",Done,(Default Release Group) 3T 2019,865701,Acompanhar o andamento da minha campanha,Thiago Maia,"",,,,,,,,,,,,,,,,
2784708,feature,2019-08-26 01:37:45 UTC,2021-07-13 01:57:05 UTC,Exibir próxima data de cobrança de assinaturas no histórico de apoio,"",Done,(Default Release Group) 2T 2019,808180,Apoiar um projeto,Thiago Maia,"",,,,,,,,,,,,,,,,
3336909,feature,2019-11-21 03:14:58 UTC,2019-11-21 03:14:58 UTC,Poder deletar perfil que já tenha tido projeto financiado,"",Icebox,,807811,Catarse,Thiago Maia,"",,,,,,,,,,,,,,,,
3336934,feature,2019-11-21 03:17:51 UTC,2021-08-05 07:40:31 UTC,Poder deletar assinaturas inativas da Base de Assinantes,"",Icebox,,8924852,Gerenciar minha campanha de assinaturas,Thiago Maia,"",,,,,,,,,,,,,,,,
3336936,feature,2019-11-21 03:18:33 UTC,2021-08-05 07:45:00 UTC,Alterar título de emails de assinaturas,"",Icebox,,8924852,Gerenciar minha campanha de assinaturas,Thiago Maia,"",,,,,,,,,,,,,,,,
3336940,feature,2019-11-21 03:20:32 UTC,2019-11-21 03:20:32 UTC,"Ter um log que registre quando o realizador ou o apoiador marcou como ""Recebi recompensa""","",Icebox,,807811,Catarse,Thiago Maia,"",,,,,,,,,,,,,,,,
3336952,feature,2019-11-21 03:25:19 UTC,2021-08-05 07:35:52 UTC,Aumentar o espaço entre retentativas,"",Icebox,,808330,Resgatar assinantes perdidos,Thiago Maia,"",,,,,,,,,,,,,,,,
3336954,feature,2019-11-21 03:26:30 UTC,2019-11-21 03:26:30 UTC,Deixar mais claro onde estão as respostas dos questionários,"",Icebox,,807811,Catarse,Thiago Maia,"",,,,,,,,,,,,,,,,
3336978,feature,2019-11-21 03:34:28 UTC,2019-11-21 03:34:28 UTC,Boletos terem um prazo maior de vencimento,"",Icebox,,807811,Catarse,Thiago Maia,"",,,,,,,,,,,,,,,,
3337004,feature,2019-11-21 03:39:06 UTC,2019-11-21 03:39:06 UTC,Gerar etiquetas de envio direto pelo Catarse,"",Icebox,,807811,Catarse,Thiago Maia,"",,,,,,,,,,,,,,,,
3337005,feature,2019-11-21 03:39:26 UTC,2019-11-21 03:39:26 UTC,Enviar códigos de rastreio para apoiadores pelo Catarse,"",Icebox,,807811,Catarse,Thiago Maia,"",,,,,,,,,,,,,,,,
3337009,feature,2019-11-21 03:41:33 UTC,2019-11-21 03:41:33 UTC,Poder baixar planilha com dados dos projetos apoiados,"",Icebox,,807811,Catarse,Thiago Maia,"",,,,,,,,,,,,,,,,
3975396,feature,2020-02-19 04:14:17 UTC,2021-08-05 07:44:13 UTC,Ter opção de pontual e recorrente no mesmo projeto,"",Icebox,,8924870,Assinar uma campanha no Catarse,Thiago Maia,"",,,,,,,,,,,,,,,,
3975397,feature,2020-02-19 04:14:43 UTC,2020-02-19 04:14:43 UTC,Ter metas progressivas em projetos pontuais,"",Icebox,,807811,Catarse,Thiago Maia,"",,,,,,,,,,,,,,,,
3975399,feature,2020-02-19 04:16:09 UTC,2020-02-19 04:16:09 UTC,Facilitar o acesso a feature de encontrar amigos,"",Icebox,,807811,Catarse,Thiago Maia,"",,,,,,,,,,,,,,,,
3975401,feature,2020-02-19 04:16:18 UTC,2020-02-19 04:16:18 UTC,Pesquisar por pessoas,"",Icebox,,807811,Catarse,Thiago Maia,"",,,,,,,,,,,,,,,,
3975405,feature,2020-02-19 04:16:56 UTC,2021-08-05 07:37:52 UTC,Integrar campanha com Wordpress,"",Icebox,,8924853,Integrar campanha com outros apps,Thiago Maia,"",,,,,,,,,,,,,,,,
3975408,feature,2020-02-19 04:19:12 UTC,2021-08-05 03:50:20 UTC,Poder selecionar recompensa esgotada durante alteração de assinatura,"",Done,,807811,Catarse,Thiago Maia,"",,,,,,,,,,,,,,,,
3975414,feature,2020-02-19 04:20:24 UTC,2021-08-05 07:45:00 UTC,Poder remover imagem de fundo em projetos de Assinatura,"",Icebox,,8924852,Gerenciar minha campanha de assinaturas,Thiago Maia,"",,,,,,,,,,,,,,,,
3975422,feature,2020-02-19 04:23:39 UTC,2020-02-19 04:23:39 UTC,Deixar claro na Nota Fiscal do Catarse que cobramos somente pelo nosso serviço,"",Icebox,,807811,Catarse,Thiago Maia,"",,,,,,,,,,,,,,,,
3975427,feature,2020-02-19 04:26:21 UTC,2021-08-05 07:45:00 UTC,Filtrar assinantes por cidade na Base de Assinantes,"",Icebox,,8924852,Gerenciar minha campanha de assinaturas,Thiago Maia,"",,,,,,,,,,,,,,,,
5211944,feature,2020-07-27 02:50:59 UTC,2020-07-27 02:50:59 UTC,Poder alterar meio de pagamento com boleto já gerado,"",Icebox,,807811,Catarse,Thiago Maia,"",,,,,,,,,,,,,,,,
5211950,feature,2020-07-27 02:52:52 UTC,2020-07-27 02:52:52 UTC,converter moeda,"",Icebox,,807811,Catarse,Thiago Maia,"",,,,,,,,,,,,,,,,
5211954,feature,2020-07-27 02:54:27 UTC,2020-07-27 02:54:27 UTC,Aceitar Apple Pay como meio de pagamento,"",Icebox,,807811,Catarse,Thiago Maia,"",,,,,,,,,,,,,,,,
5211976,feature,2020-07-27 02:56:16 UTC,2020-07-27 02:56:16 UTC,Ter mensagem de boas vindas dentro da própria plataforma do Catarse,"",Icebox,,807811,Catarse,Thiago Maia,"",,,,,,,,,,,,,,,,
5211992,feature,2020-07-27 03:07:17 UTC,2020-07-27 03:07:17 UTC,Calcular frete automaticamente,"",Icebox,,807811,Catarse,Thiago Maia,"",,,,,,,,,,,,,,,,
8923017,product,2021-08-05 03:41:56 UTC,2021-08-05 03:41:56 UTC,Catarse Assinaturas,"",Icebox,,,,Thiago Maia,"",,,,,,,,,,,,,,,,
8924852,component,2021-08-05 07:30:57 UTC,2021-08-05 07:46:35 UTC,Gerenciar minha campanha de assinaturas,"",Icebox,,8923017,Catarse Assinaturas,Thiago Maia,"",,,,,,,,,,,,,,,,
8924853,component,2021-08-05 07:31:18 UTC,2021-08-05 07:45:00 UTC,Integrar campanha com outros apps,"",Icebox,,8924852,Gerenciar minha campanha de assinaturas,Thiago Maia,"",,,,,,,,,,,,,,,,
8924860,component,2021-08-05 07:33:32 UTC,2021-08-05 07:46:35 UTC,Interagir com minha base de assinantes,"",Icebox,,8923017,Catarse Assinaturas,Thiago Maia,"",,,,,,,,,,,,,,,,
8924870,component,2021-08-05 07:35:36 UTC,2021-08-05 07:46:35 UTC,Assinar uma campanha no Catarse,"",Icebox,,8923017,Catarse Assinaturas,Thiago Maia,"",,,,,,,,,,,,,,,,
8924893,component,2021-08-05 07:39:31 UTC,2021-08-05 07:46:35 UTC,Receber o dinheiro de minha campanha de assinaturas,"",Icebox,,8923017,Catarse Assinaturas,Thiago Maia,"",,,,,,,,,,,,,,,,
9507611,feature,2021-09-21 03:05:12 UTC,2021-09-21 03:05:12 UTC,Extender o prazo de campanha para fazer Late Pledge,"",Icebox,,807811,Catarse,Thiago Maia,"",,,,,,,,,,,,,,,,
9507615,feature,2021-09-21 03:06:36 UTC,2021-09-21 03:06:36 UTC,Campanhas assinaturas finalizadas precisam ter um status de Finalizada no Catarse,"",Icebox,,8923017,Catarse Assinaturas,Thiago Maia,"",,,,,,,,,,,,,,,,
9507618,feature,2021-09-21 03:07:49 UTC,2021-09-21 03:07:49 UTC,Poder cadastrar um pagamento externo no Catarse,"",Icebox,,807811,Catarse,Thiago Maia,"",,,,,,,,,,,,,,,,
9507622,feature,2021-09-21 03:09:33 UTC,2021-09-21 03:09:33 UTC,Poder fazer upload de vídeos direto no Catarse,"",Icebox,,8923017,Catarse Assinaturas,Thiago Maia,"",,,,,,,,,,,,,,,,
9507629,feature,2021-09-21 03:12:50 UTC,2021-09-21 03:12:50 UTC,Ter tabela sobre assinantes que mudaram de nível de apoio,"",Icebox,,8923017,Catarse Assinaturas,Thiago Maia,"",,,,,,,,,,,,,,,,
9507631,feature,2021-09-21 03:13:52 UTC,2021-09-21 03:13:52 UTC,Realizador escolher não oferecer pagamento sem recompensa,"",Icebox,,807811,Catarse,Thiago Maia,"",,,,,,,,,,,,,,,,
9507633,feature,2021-09-21 03:14:20 UTC,2021-09-21 03:14:20 UTC,Taxa do Catarse ser separada da taxa do meio de pagamento,"",Icebox,,807811,Catarse,Thiago Maia,"",,,,,,,,,,,,,,,,
9507638,feature,2021-09-21 03:16:40 UTC,2021-09-21 03:16:40 UTC,Realizador poder cadastrar mais de um email,"",Icebox,,807811,Catarse,Thiago Maia,"",,,,,,,,,,,,,,,,
9507648,feature,2021-09-21 03:20:34 UTC,2021-09-21 03:20:34 UTC,Ter uma seção de FAQ nos projetos,"",Icebox,,807811,Catarse,Thiago Maia,"",,,,,,,,,,,,,,,,
9507657,feature,2021-09-21 03:23:23 UTC,2021-09-21 03:23:23 UTC,Admin poder cancelar um boleto,"",Icebox,,807811,Catarse,Thiago Maia,"",,,,,,,,,,,,,,,,
9507660,feature,2021-09-21 03:27:09 UTC,2021-09-21 03:27:09 UTC,Ter tooltip com artigo da base de conhecimento informando sobre erros no envio de novidades,"",Icebox,,807811,Catarse,Thiago Maia,"",,,,,,,,,,,,,,,,
